emotion,pearson_corr,p_value,n_pairs
anger,0.4937256947259708,1.7663887445506995e-56,900
trust,0.30195985899801303,1.9822874706634128e-20,900
surprise,0.17247631716154532,1.9278660888271784e-07,900
disgust,0.3291978997064669,3.4394056017841374e-24,900
joy,0.45949834537366807,3.2688682741758294e-48,900
sadness,0.2946460905109407,1.74401573648216e-19,900
fear,0.39440879578259835,7.185153322598175e-35,900
anticipation,0.31370543295787623,5.286729480422235e-22,900
